FirstName,LastName,Gender,Email
,,,info@impltech.com
,,,info@errna.com
,,,sales@buildapps.pro
,,,hello@around25.com
,,,hello@razor.co.uk
,,,contact@dirox.com
,,,hello@vangwe.com
,,,info@loovatech.com
,,,chrisberger@finnoconsult.at
,,,contact@kosmoskod.com
,,,contactus@coidea.agency
,,,info@chudovo.com
,,,hello@sparkledesign.com
,,,sales@bliscore.com
,,,hello@moonshot.international
,,,hello@wdf.cz
,,,hello@wave-access.com
,,,info@volaresoftware.com
,,,hello@cobeisfresh.com
,,,business@milies.net
,,,jan.hauser@applifting.io
,,,office@abittechnologies.com
,,,hello@infinitymesh.com
,,,hr_spain@cactus-now.com
,,,business@emagicone.com
,,,info@appfyl.com
,,,nick@codeska.com
,,,info@skywell.software
,,,info@game-chuck.com
,,,info@debutinfotech.com
